Ticker,Current Price,Date,8d MA,8d MA %,21d MA,21d MA %,50d MA,50d MA %,200d MA,200d MA %
XLK,197.78,2026-10-08,198.75,-0.49,193.47,2.23,188.43,4.96,165.77,19.31
XLF,54.23,2026-10-08,53.78,0.84,54.92,-1.26,56.43,-3.9,53.33,1.69
XLV,168.16,2026-10-08,167.87,0.17,168.07,0.05,168.31,-0.09,155.82,7.92
XLY,111.71,2026-10-08,110.26,1.32,110.79,0.83,114.22,-2.2,115.72,-3.46
XLC,112.07,2026-10-08,111.16,0.82,112.14,-0.07,111.49,0.52,113.05,-0.87
XLI,168.4,2026-10-08,169.08,-0.4,169.38,-0.58,175.55,-4.08,171.8,-1.98
XLP,83.42,2026-10-08,81.41,2.47,82.13,1.57,83.67,-0.29,82.78,0.77
XLE,65.24,2026-10-08,63.05,3.48,63.26,3.14,62.28,4.75,56.3,15.89
XLU,41.07,2026-10-08,40.25,2.03,40.53,1.34,42.07,-2.38,43.77,-6.17
XLRE,40.85,2026-10-08,40.87,-0.04,41.75,-2.17,43.24,-5.53,42.56,-4.01
XLB,49.27,2026-10-08,49.09,0.38,49.74,-0.94,51.2,-3.77,50.34,-2.12
